Family;Line;Feldnr_2017;Bgh0519_A;Bgh0608_B;Bgh0617_C;Ph0617_C
1;HEB_01_001;14501;0;3;4;1
1;HEB_01_003;14502;0;4;7;1
1;HEB_01_004;14503;0;1;1;3
1;HEB_01_005;14504;0;3;6;
1;HEB_01_013;14505;0;1;1;2
1;HEB_01_021;14506;0;1;1;1
1;HEB_01_022;14507;2;7;6;1
1;HEB_01_023;14508;0;6;8;1
1;HEB_01_025;14509;0;1;1;5
1;HEB_01_030;14510;0;1;1;3
1;HEB_01_031;14511;0;1;1;3
1;HEB_01_032;14512;0;1;1;1
1;HEB_01_033;14513;0;1;1;3
1;HEB_01_038;14514;0;1;1;3
1;HEB_01_041;14515;0;1;1;3
1;HEB_01_042;14516;0;2;1;1
1;HEB_01_047;14517;0;1;1;1
1;HEB_01_050;14518;0;3;1;2
1;HEB_01_053;14519;2;8;9;1
1;HEB_01_055;14520;0;7;8;1
1;HEB_01_057;14521;1;8;9;1
1;HEB_01_071;14522;0;1;2;1
1;HEB_01_072;14523;0;1;1;3
1;HEB_01_074;14524;0;1;1;1
1;HEB_01_075;14525;0;2;3;1
1;HEB_01_077;14526;0;1;1;3
1;HEB_01_079;14527;0;1;1;2
1;HEB_01_080;14528;0;3;3;1
1;HEB_01_082;14529;0;8;9;1
1;HEB_01_085;14530;0;1;1;4
1;HEB_01_086;14531;0;1;1;3
1;HEB_01_087;14532;0;1;1;1
1;HEB_01_090;14533;0;2;5;1
1;HEB_01_091;14534;0;1;1;3
1;HEB_01_092;14535;0;1;1;4
1;HEB_01_093;14536;0;1;1;2
1;HEB_01_096;14537;0;1;1;2
1;HEB_01_097;14538;0;1;1;2
1;HEB_01_099;14539;0;1;1;3
1;HEB_01_101;14540;0;1;1;4
1;HEB_01_103;14541;0;1;1;3
1;HEB_01_104;14542;0;1;1;3
1;HEB_01_106;14543;0;1;1;3
1;HEB_01_109;14544;0;1;1;3
1;HEB_01_112;14545;0;5;7;1
1;HEB_01_121;14546;2;8;8;1
1;HEB_01_122;14547;0;7;8;1
1;HEB_01_123;14548;2;6;6;1
1;HEB_01_124;14549;0;7;9;1
1;HEB_01_126;14550;0;6;7;1
1;HEB_01_127;14551;0;2;2;2
1;HEB_01_128;14552;0;1;1;2
1;HEB_01_130;14553;0;7;8;1
1;HEB_01_131;14554;0;2;1;2
1;HEB_01_132;14555;0;1;1;3
1;HEB_01_133;14556;0;2;1;3
1;HEB_01_134;14557;0;1;1;2
1;HEB_01_137;14558;0;1;1;1
1;HEB_01_140;14559;0;1;1;1
1;HEB_01_328;14560;0;1;1;1
2;HEB_02_003;14561;0;1;1;3
2;HEB_02_006;14562;0;2;1;6
2;HEB_02_008;14563;0;1;1;2
2;HEB_02_009;14564;0;1;1;3
2;HEB_02_012;14565;0;1;1;2
2;HEB_02_016;14566;0;2;1;4
2;HEB_02_017;14567;0;1;1;5
2;HEB_02_018;14568;0;1;1;6
2;HEB_02_020;14569;0;1;1;4
2;HEB_02_021;14570;2;9;9;1
2;HEB_02_022;14571;0;1;1;3
2;HEB_02_032;14572;2;8;9;1
2;HEB_02_033;14573;0;1;1;2
2;HEB_02_036;14574;0;6;6;2
2;HEB_02_038;14575;0;1;1;2
2;HEB_02_040;14576;2;7;9;1
2;HEB_02_041;14577;2;7;9;1
2;HEB_02_054;14578;0;5;6;3
2;HEB_02_058;14579;2;8;8;1
2;HEB_02_063;14580;0;1;1;3
2;HEB_02_064;14581;0;1;1;3
2;HEB_02_067;14582;0;1;1;4
2;HEB_02_069;14583;2;9;9;1
2;HEB_02_071;14584;0;1;1;2
2;HEB_02_078;14585;0;1;1;2
2;HEB_02_083;14586;0;1;1;2
2;HEB_02_084;14587;0;1;1;2
2;HEB_02_085;14588;0;2;1;1
2;HEB_02_086;14589;0;1;1;4
2;HEB_02_088;14590;0;3;1;1
2;HEB_02_089;14591;0;1;1;2
2;HEB_02_093;14592;0;1;1;3
2;HEB_02_094;14593;0;7;8;1
2;HEB_02_096;14594;0;1;1;3
2;HEB_02_101;14595;0;1;1;2
2;HEB_02_106;14596;0;1;1;3
2;HEB_02_112;14597;0;1;1;1
2;HEB_02_114;14598;0;1;1;1
2;HEB_02_115;14599;0;1;1;3
2;HEB_02_117;14600;0;1;1;1
2;HEB_02_120;14601;0;1;1;3
2;HEB_02_121;14602;0;3;1;6
2;HEB_02_122;14603;0;1;1;3
2;HEB_02_125;14604;0;2;1;6
2;HEB_02_127;14605;0;1;1;6
2;HEB_02_130;14606;0;1;1;3
2;HEB_02_135;14607;0;1;1;5
2;HEB_02_136;14608;0;1;1;3
2;HEB_02_138;14609;0;1;1;4
2;HEB_02_146;14610;0;1;1;7
2;HEB_02_147;14611;0;7;7;5
5;HEB_02_152;14612;0;1;1;2
5;HEB_02_153;14613;0;1;1;2
5;HEB_02_154;14614;0;1;1;2
5;HEB_02_155;14615;0;2;1;4
5;HEB_02_156;14616;0;7;8;1
5;HEB_02_157;14617;0;1;1;2
5;HEB_02_158;14618;0;7;8;1
5;HEB_02_160;14619;0;5;7;1
3;HEB_03_006;14620;0;7;8;1
3;HEB_03_007;14621;2;8;9;1
3;HEB_03_012;14622;0;7;5;4
3;HEB_03_013;14623;2;6;8;1
3;HEB_03_014;14624;0;7;8;1
3;HEB_03_015;14625;0;5;6;1
3;HEB_03_017;14626;0;1;1;1
3;HEB_03_018;14627;0;1;1;5
3;HEB_03_019;14628;0;1;2;1
3;HEB_03_021;14629;0;1;1;1
3;HEB_03_025;14630;0;1;1;2
3;HEB_03_027;14631;0;1;1;2
3;HEB_03_029;14632;0;1;1;3
3;HEB_03_032;14633;0;1;1;1
3;HEB_03_033;14634;0;1;1;1
3;HEB_03_035;14635;0;1;1;1
3;HEB_03_036;14636;1;4;7;1
3;HEB_03_037;14637;0;1;1;2
3;HEB_03_039;14638;0;1;1;3
3;HEB_03_040;14639;0;1;1;1
3;HEB_03_045;14640;0;1;1;1
3;HEB_03_048;14641;0;1;1;1
3;HEB_03_052;14642;0;1;1;1
3;HEB_03_053;14643;0;3;1;1
3;HEB_03_055;14644;0;1;1;1
3;HEB_03_057;14645;0;1;1;1
3;HEB_03_062;14646;0;1;1;1
3;HEB_03_064;14647;0;1;1;1
3;HEB_03_065;14648;0;1;1;4
3;HEB_03_071;14649;0;1;1;1
3;HEB_03_072;14650;0;1;1;1
3;HEB_03_073;14651;0;1;1;1
3;HEB_03_076;14652;0;1;1;2
3;HEB_03_077;14653;0;1;1;2
3;HEB_03_080;14654;0;1;1;2
3;HEB_03_085;14655;0;1;1;1
3;HEB_03_089;14656;0;6;8;1
3;HEB_03_102;14657;0;5;5;3
3;HEB_03_106;14658;0;1;1;1
3;HEB_03_107;14659;0;1;1;2
3;HEB_03_108;14660;0;1;1;2
3;HEB_03_111;14661;0;4;4;1
3;HEB_03_129;14662;0;2;1;1
3;HEB_03_138;14663;0;1;1;1
3;HEB_03_139;14664;0;1;1;1
3;HEB_03_140;14665;0;1;1;1
3;HEB_03_141;14666;2;7;9;1
3;HEB_03_142;14667;0;7;8;1
3;HEB_03_144;14668;2;7;7;1
3;HEB_03_145;14669;2;7;7;1
3;HEB_03_147;14670;2;7;7;1
3;HEB_03_149;14671;2;8;9;1
3;HEB_03_153;14672;0;1;1;3
3;HEB_03_156;14673;0;1;1;6
3;HEB_03_162;14674;0;1;4;1
3;HEB_03_163;14675;0;2;1;2
3;HEB_03_166;14676;0;1;1;1
3;HEB_03_170;14677;0;1;1;2
4;HEB_03_172;14678;0;2;3;2
4;HEB_04_001;14679;0;1;1;2
4;HEB_04_002;14680;0;1;1;3
4;HEB_04_004;14681;0;1;1;6
4;HEB_04_005;14682;0;1;1;3
4;HEB_04_006;14683;0;1;1;3
4;HEB_04_008;14684;0;1;1;3
4;HEB_04_009;14685;0;1;1;1
4;HEB_04_013;14686;0;1;1;4
4;HEB_04_016;14687;0;1;1;2
4;HEB_04_017;14688;0;6;9;1
4;HEB_04_019;14689;0;1;1;4
4;HEB_04_062;14690;0;1;5;2
4;HEB_04_063;14691;0;1;1;3
4;HEB_04_066;14692;2;8;9;1
4;HEB_04_067;14693;0;1;1;4
4;HEB_04_068;14694;2;7;8;1
4;HEB_04_069;14695;2;8;9;1
4;HEB_04_070;14696;3;7;9;1
4;HEB_04_071;14697;0;7;8;1
4;HEB_04_072;14698;2;8;8;1
4;HEB_04_073;14699;0;1;1;3
4;HEB_04_074;14700;0;1;1;5
4;HEB_04_075;14701;0;1;1;5
4;HEB_04_078;14702;0;1;1;2
4;HEB_04_080;14703;0;8;9;1
4;HEB_04_083;14704;1;6;8;1
4;HEB_04_087;14705;0;7;7;1
4;HEB_04_088;14706;0;3;7;1
4;HEB_04_092;14707;0;1;1;1
4;HEB_04_093;14708;0;1;1;2
4;HEB_04_096;14709;0;1;1;1
4;HEB_04_098;14710;0;1;1;2
4;HEB_04_099;14711;0;1;1;2
3;HEB_04_101;14712;0;1;1;1
3;HEB_04_102;14713;0;1;1;1
3;HEB_04_103;14714;0;1;1;3
3;HEB_04_104;14715;0;1;1;1
3;HEB_04_105;14716;0;1;1;5
3;HEB_04_106;14717;2;8;9;1
3;HEB_04_107;14718;3;7;9;1
3;HEB_04_108;14719;2;8;9;1
3;HEB_04_109;14720;2;8;9;1
3;HEB_04_110;14721;0;1;1;1
4;HEB_04_112;14722;0;1;1;7
4;HEB_04_122;14723;2;8;9;1
4;HEB_04_123;14724;0;1;1;1
4;HEB_04_125;14725;0;1;1;1
4;HEB_04_126;14726;0;1;1;2
4;HEB_04_127;14727;0;1;1;1
4;HEB_04_135;14728;0;6;1;1
4;HEB_04_136;14729;0;1;1;2
4;HEB_04_149;14730;0;6;6;1
5;HEB_05_011;14731;0;1;1;1
5;HEB_05_013;14732;0;1;1;3
5;HEB_05_014;14733;0;1;1;1
5;HEB_05_019;14734;0;1;1;4
5;HEB_05_020;14735;0;1;1;1
5;HEB_05_030;14736;0;7;9;1
5;HEB_05_032;14737;0;1;1;3
5;HEB_05_033;14738;0;1;1;2
5;HEB_05_035;14739;0;1;1;3
5;HEB_05_036;14740;0;1;1;4
5;HEB_05_037;14741;0;1;1;3
5;HEB_05_038;14742;0;1;1;1
5;HEB_05_039;14743;0;1;1;1
5;HEB_05_040;14744;0;1;1;3
5;HEB_05_041;14745;0;2;3;5
5;HEB_05_043;14746;0;1;1;5
5;HEB_05_044;14747;0;1;1;4
5;HEB_05_045;14748;0;1;1;2
5;HEB_05_046;14749;0;4;6;1
5;HEB_05_047;14750;2;7;9;1
5;HEB_05_048;14751;0;1;1;4
5;HEB_05_049;14752;0;3;1;1
5;HEB_05_050;14753;0;1;1;2
5;HEB_05_051;14754;0;7;7;1
5;HEB_05_052;14755;0;7;8;1
5;HEB_05_053;14756;0;2;1;1
5;HEB_05_059;14757;0;1;1;4
5;HEB_05_060;14758;1;8;9;1
5;HEB_05_065;14759;0;1;1;1
5;HEB_05_066;14760;0;5;5;2
5;HEB_05_067;14761;0;1;1;1
5;HEB_05_068;14762;0;1;1;1
5;HEB_05_069;14763;0;6;7;1
5;HEB_05_070;14764;0;1;1;2
5;HEB_05_071;14765;0;1;1;1
5;HEB_05_072;14766;0;1;1;7
5;HEB_05_076;14767;0;1;1;3
5;HEB_05_088;14768;0;1;1;2
5;HEB_05_090;14769;0;1;1;1
5;HEB_05_105;14770;0;1;1;1
5;HEB_05_107;14771;2;9;9;1
5;HEB_05_108;14772;2;7;8;1
5;HEB_05_112;14773;0;1;1;2
5;HEB_05_119;14774;0;1;1;2
5;HEB_05_123;14775;0;1;1;3
5;HEB_05_124;14776;0;7;9;1
5;HEB_05_125;14777;0;1;1;4
5;HEB_05_128;14778;0;7;9;1
5;HEB_05_129;14779;0;1;1;2
5;HEB_05_130;14780;0;6;7;1
5;HEB_05_131;14781;0;7;6;1
5;HEB_05_140;14782;1;7;9;1
5;HEB_05_151;14783;0;1;1;2
5;HEB_05_153;14784;0;1;1;2
5;HEB_05_157;14785;0;1;1;3
5;HEB_05_158;14786;0;2;1;2
6;HEB_06_016;14787;0;1;1;3
6;HEB_06_019;14788;0;2;1;3
6;HEB_06_036;14789;3;8;9;1
6;HEB_06_038;14790;0;8;8;1
6;HEB_06_039;14791;0;9;9;1
6;HEB_06_040;14792;0;7;8;1
6;HEB_06_046;14793;1;8;9;1
6;HEB_06_047;14794;0;1;1;2
6;HEB_06_049;14795;3;8;9;1
6;HEB_06_054;14796;0;1;1;2
6;HEB_06_065;14797;0;1;1;2
6;HEB_06_067;14798;0;1;1;4
6;HEB_06_068;14799;0;1;1;3
6;HEB_06_069;14800;0;1;1;2
6;HEB_06_073;14801;0;1;1;2
6;HEB_06_074;14802;0;1;1;1
6;HEB_06_075;14803;0;1;1;3
6;HEB_06_079;14804;0;1;1;2
6;HEB_06_089;14805;0;1;1;2
6;HEB_06_091;14806;3;9;9;1
6;HEB_06_095;14807;0;1;1;3
6;HEB_06_097;14808;0;1;1;2
6;HEB_06_098;14809;0;2;1;2
6;HEB_06_099;14810;2;8;9;1
6;HEB_06_101;14811;0;1;1;1
6;HEB_06_103;fehlt;;;;
6;HEB_06_104;14813;0;1;1;3
6;HEB_06_106;14814;0;9;9;1
6;HEB_06_107;14815;0;1;1;4
6;HEB_06_109;14816;2;9;9;1
6;HEB_06_111;14817;1;6;7;3
6;HEB_06_113;14818;0;1;1;2
6;HEB_06_114;14819;0;9;9;1
6;HEB_06_115;14820;2;8;9;1
6;HEB_06_116;14821;0;8;9;1
6;HEB_06_117;14822;2;9;9;1
6;HEB_06_118;14823;0;1;1;1
6;HEB_06_120;14824;0;1;1;2
6;HEB_06_121;14825;0;1;1;2
6;HEB_06_122;14826;0;1;1;5
6;HEB_06_124;14827;0;1;1;5
6;HEB_06_125;14828;0;1;1;3
6;HEB_06_126;14829;1;1;1;2
6;HEB_06_131;14830;0;1;1;4
6;HEB_06_133;14831;2;8;9;1
6;HEB_06_134;14832;0;1;1;1
6;HEB_06_136;14833;0;1;1;1
6;HEB_06_137;14834;0;2;1;2
6;HEB_06_138;14835;0;1;1;2
6;HEB_06_140;14836;0;1;1;2
6;HEB_06_144;14837;0;1;1;3
6;HEB_06_145;14838;0;1;1;2
6;HEB_06_146;14839;0;1;1;2
6;HEB_06_147;14840;0;1;1;2
6;HEB_06_152;14841;0;1;1;1
6;HEB_06_154;14842;0;1;1;2
6;HEB_06_155;14843;0;1;1;2
6;HEB_06_168;14844;0;1;1;4
6;HEB_06_169;14845;0;1;1;2
6;HEB_06_180;14846;0;1;1;4
6;HEB_06_313;14847;0;1;1;4
6;HEB_06_379;14848;0;1;1;1
7;HEB_07_005;14849;0;4;4;1
7;HEB_07_006;14850;0;1;1;4
7;HEB_07_015;14851;0;2;1;1
7;HEB_07_019;14852;0;7;9;1
7;HEB_07_020;14853;0;5;8;1
7;HEB_07_022;14854;0;1;1;2
7;HEB_07_023;14855;0;1;1;1
7;HEB_07_024;14856;0;1;1;5
7;HEB_07_025;14857;0;1;1;4
7;HEB_07_027;14858;0;1;1;1
7;HEB_07_033;14859;2;8;9;1
7;HEB_07_036;14860;2;8;9;1
7;HEB_07_042;14861;2;7;7;1
7;HEB_07_046;14862;2;8;8;1
7;HEB_07_047;14863;0;1;1;1
7;HEB_07_048;14864;0;1;1;2
7;HEB_07_054;14865;0;2;2;2
7;HEB_07_063;14866;0;1;1;3
7;HEB_07_064;14867;0;1;1;3
7;HEB_07_065;14868;0;1;1;3
7;HEB_07_066;14869;0;2;1;1
7;HEB_07_067;14870;0;2;1;2
7;HEB_07_068;14871;0;1;1;2
7;HEB_07_071;14872;2;7;7;1
7;HEB_07_072;14873;0;1;1;4
7;HEB_07_073;14874;0;2;1;7
7;HEB_07_074;14875;0;1;1;4
7;HEB_07_075;14876;0;1;1;5
7;HEB_07_076;14877;2;9;9;1
7;HEB_07_077;14878;2;9;9;1
7;HEB_07_078;14879;2;7;8;1
7;HEB_07_079;14880;0;1;1;2
7;HEB_07_083;14881;0;1;1;3
7;HEB_07_088;14882;0;1;1;3
7;HEB_07_089;14883;0;1;1;4
7;HEB_07_094;14884;0;1;1;3
7;HEB_07_103;14885;0;1;1;2
7;HEB_07_104;14886;0;1;1;1
7;HEB_07_105;14887;0;1;1;4
7;HEB_07_107;14888;0;1;1;2
7;HEB_07_108;14889;0;1;1;1
7;HEB_07_109;14890;0;1;1;3
7;HEB_07_116;14891;0;1;1;2
7;HEB_07_130;14892;0;1;1;2
7;HEB_07_133;14893;0;1;1;2
7;HEB_07_139;14894;0;1;1;2
7;HEB_07_140;14895;0;1;1;3
7;HEB_07_152;14896;0;1;1;1
7;HEB_07_153;14897;0;1;1;2
7;HEB_07_155;14898;0;1;1;3
7;HEB_07_157;14899;0;1;1;1
7;HEB_07_159;14900;0;1;1;5
7;HEB_07_160;14901;0;1;1;4
7;HEB_07_166;14902;0;1;1;1
7;HEB_07_172;14903;0;1;1;3
7;HEB_07_174;14904;0;1;1;2
7;HEB_07_175;14905;2;2;1;7
7;HEB_07_177;14906;0;1;1;5
7;HEB_07_180;14907;0;1;1;2
8;HEB_08_003;14908;0;1;1;1
8;HEB_08_006;14909;0;1;1;2
8;HEB_08_013;14910;0;1;1;2
8;HEB_08_014;14911;0;1;1;4
8;HEB_08_016;14912;0;1;1;3
8;HEB_08_018;14913;0;3;1;1
8;HEB_08_025;14914;2;8;9;1
8;HEB_08_031;14915;2;8;8;1
8;HEB_08_032;14916;0;7;7;1
8;HEB_08_034;14917;0;1;1;4
8;HEB_08_036;14918;2;8;7;1
8;HEB_08_042;14919;0;4;5;1
8;HEB_08_049;14920;0;1;1;2
8;HEB_08_050;14921;0;8;7;1
8;HEB_08_054;14922;0;1;1;2
8;HEB_08_056;14923;0;1;1;2
8;HEB_08_060;14924;0;1;1;2
8;HEB_08_062;14925;0;1;1;3
8;HEB_08_063;14926;0;1;1;2
8;HEB_08_064;14927;0;1;1;1
8;HEB_08_074;14928;0;1;1;3
8;HEB_08_077;14929;2;8;9;1
8;HEB_08_082;14930;0;1;1;2
8;HEB_08_083;14931;0;8;9;1
8;HEB_08_087;14932;0;1;1;1
8;HEB_08_091;14933;0;1;1;2
8;HEB_08_096;14934;0;1;1;3
8;HEB_08_106;14935;0;2;1;3
8;HEB_08_110;14936;0;2;1;1
8;HEB_08_116;14937;2;8;9;1
8;HEB_08_118;14938;0;7;8;1
8;HEB_08_120;14939;0;1;1;1
8;HEB_08_124;14940;0;1;1;2
8;HEB_08_130;14941;0;7;9;1
8;HEB_08_131;14942;0;8;7;1
8;HEB_08_132;14943;1;6;8;1
8;HEB_08_137;14944;0;1;1;3
8;HEB_08_139;14945;0;1;1;2
8;HEB_08_140;14946;0;1;1;2
8;HEB_08_141;14947;0;1;1;3
8;HEB_08_142;14948;0;1;1;5
8;HEB_08_147;14949;0;1;1;6
8;HEB_08_149;14950;0;1;1;5
8;HEB_08_152;14951;0;1;1;2
8;HEB_08_155;14952;0;1;1;3
8;HEB_08_156;14953;0;1;1;5
8;HEB_08_157;14954;0;1;1;2
8;HEB_08_162;14955;0;1;1;2
8;HEB_08_164;14956;0;1;1;4
8;HEB_08_165;14957;0;1;1;4
8;HEB_08_166;14958;0;1;1;3
8;HEB_08_169;14959;0;1;1;3
8;HEB_08_187;14960;0;1;1;5
8;HEB_08_201;14961;0;1;1;2
8;HEB_08_202;14962;0;1;1;3
8;HEB_08_204;14963;0;1;1;2
8;HEB_08_205;14964;0;1;1;3
8;HEB_08_209;14965;0;1;1;3
9;HEB_09_002;14966;0;2;1;4
9;HEB_09_005;14967;0;1;1;3
9;HEB_09_007;14968;0;1;1;5
9;HEB_09_009;14969;0;1;1;4
9;HEB_09_014;14970;0;4;1;6
9;HEB_09_016;14971;0;1;1;3
9;HEB_09_025;14972;0;1;1;2
9;HEB_09_029;14973;0;1;1;2
9;HEB_09_032;14974;0;1;1;3
9;HEB_09_033;14975;0;1;1;2
9;HEB_09_034;14976;0;1;1;2
9;HEB_09_035;14977;0;1;1;4
9;HEB_09_036;14978;0;1;1;2
9;HEB_09_039;14979;0;1;1;7
9;HEB_09_043;14980;0;1;1;2
9;HEB_09_049;14981;2;8;8;1
9;HEB_09_050;14982;0;1;1;3
12;HEB_09_051;14983;0;2;1;2
12;HEB_09_052;14984;0;2;1;5
12;HEB_09_058;14985;0;1;1;2
12;HEB_09_059;14986;0;1;1;1
9;HEB_09_061;14987;0;1;1;4
9;HEB_09_064;14988;0;1;1;6
9;HEB_09_065;14989;0;1;1;3
9;HEB_09_066;14990;0;1;1;3
9;HEB_09_068;14991;0;1;1;1
9;HEB_09_070;14992;0;2;1;7
9;HEB_09_071;14993;0;1;1;2
9;HEB_09_072;14994;0;1;1;4
9;HEB_09_073;14995;0;1;1;2
9;HEB_09_074;14996;0;1;1;6
9;HEB_09_078;14997;0;1;1;3
9;HEB_09_084;14998;0;1;1;1
9;HEB_09_085;14999;0;1;1;2
9;HEB_09_089;15000;0;4;5;1
9;HEB_09_092;15001;0;6;7;1
9;HEB_09_097;15002;2;8;7;1
9;HEB_09_100;15003;0;1;1;2
9;HEB_09_101;15004;0;8;7;5
9;HEB_09_105;15005;0;1;1;2
9;HEB_09_108;15006;0;7;7;1
9;HEB_09_109;15007;0;1;1;5
9;HEB_09_110;15008;0;7;9;1
9;HEB_09_114;15009;0;1;1;4
9;HEB_09_115;15010;0;1;1;4
9;HEB_09_116;15011;0;1;1;7
9;HEB_09_118;15012;0;1;1;4
9;HEB_09_119;15013;0;1;1;4
9;HEB_09_124;15014;0;1;1;2
9;HEB_09_133;15015;0;1;1;4
9;HEB_09_135;15016;3;9;9;1
9;HEB_09_137;15017;2;8;9;1
9;HEB_09_140;15018;0;1;1;3
9;HEB_09_147;15019;0;1;1;2
9;HEB_09_148;15020;2;7;8;1
9;HEB_09_161;15021;0;6;7;1
9;HEB_09_162;15022;3;8;9;1
9;HEB_09_163;15023;2;8;9;1
9;HEB_09_164;15024;2;8;8;1
9;HEB_09_167;15025;1;3;5;5
10;HEB_10_003;15026;0;8;9;1
10;HEB_10_006;15027;3;8;9;1
10;HEB_10_007;15028;0;1;1;2
10;HEB_10_008;15029;2;8;9;1
10;HEB_10_010;15030;0;1;1;4
10;HEB_10_014;15031;0;1;1;2
10;HEB_10_018;15032;0;1;1;1
10;HEB_10_020;15033;2;9;9;1
10;HEB_10_022;15034;0;1;1;3
10;HEB_10_025;15035;2;8;8;2
10;HEB_10_040;15036;2;8;9;1
10;HEB_10_043;15037;3;8;9;1
10;HEB_10_045;15038;2;8;8;1
10;HEB_10_046;15039;1;8;9;1
10;HEB_10_048;15040;3;9;9;1
10;HEB_10_049;15041;2;8;9;1
10;HEB_10_050;15042;0;8;9;1
10;HEB_10_051;15043;0;7;8;1
10;HEB_10_054;15044;0;2;1;1
10;HEB_10_055;15045;0;4;1;1
10;HEB_10_057;15046;2;9;9;1
10;HEB_10_059;15047;0;1;1;4
10;HEB_10_070;15048;0;1;1;2
10;HEB_10_072;15049;0;1;2;3
10;HEB_10_074;15050;0;1;1;4
10;HEB_10_077;15051;0;1;1;4
10;HEB_10_086;15052;2;7;8;1
10;HEB_10_093;15053;0;1;1;1
10;HEB_10_097;15054;0;1;1;1
10;HEB_10_100;15055;2;8;9;1
10;HEB_10_104;15056;0;1;1;2
10;HEB_10_106;15057;0;1;1;5
10;HEB_10_107;15058;0;1;1;2
10;HEB_10_114;15059;2;7;8;1
10;HEB_10_115;15060;0;1;1;4
10;HEB_10_117;15061;0;1;1;2
10;HEB_10_120;15062;0;1;1;3
10;HEB_10_124;15063;0;1;1;4
10;HEB_10_131;15064;0;1;1;4
10;HEB_10_132;15065;0;5;7;1
10;HEB_10_133;15066;0;2;1;6
10;HEB_10_135;15067;0;1;1;2
10;HEB_10_137;15068;0;1;1;1
10;HEB_10_138;15069;2;8;7;1
10;HEB_10_139;15070;0;1;1;5
10;HEB_10_140;15071;0;1;1;4
10;HEB_10_141;15072;0;1;1;2
10;HEB_10_142;15073;0;1;1;6
10;HEB_10_150;15074;0;2;1;1
10;HEB_10_155;15075;0;1;1;1
10;HEB_10_171;15076;0;1;1;3
10;HEB_10_172;15077;0;1;1;3
10;HEB_10_173;15078;0;1;1;1
10;HEB_10_174;15079;0;1;1;4
10;HEB_10_175;15080;0;1;1;5
10;HEB_10_176;15081;0;1;1;2
10;HEB_10_182;15082;0;1;1;4
10;HEB_10_184;15083;2;9;9;1
10;HEB_10_187;15084;0;1;1;6
10;HEB_10_190;15085;2;8;9;1
11;HEB_11_001;15086;0;1;1;5
11;HEB_11_016;15087;0;1;1;1
11;HEB_11_017;15088;0;1;1;2
11;HEB_11_025;15089;0;1;1;2
11;HEB_11_028;15090;0;1;1;6
11;HEB_11_037;15091;0;1;1;6
11;HEB_11_044;15092;0;1;1;2
11;HEB_11_048;15093;0;1;1;5
11;HEB_11_055;15094;0;1;1;3
11;HEB_11_057;15095;0;4;4;1
11;HEB_11_058;15096;0;1;1;2
11;HEB_11_061;15097;0;1;1;4
11;HEB_11_063;15098;2;8;9;1
14;HEB_11_064;15099;0;1;1;2
11;HEB_11_065;15100;0;1;1;2
11;HEB_11_066;15101;2;8;9;1
11;HEB_11_067;15102;0;1;1;2
14;HEB_11_068;15103;0;6;7;1
11;HEB_11_071;15104;0;1;1;6
11;HEB_11_072;15105;0;1;1;4
11;HEB_11_077;15106;0;2;1;5
11;HEB_11_081;15107;2;9;9;1
11;HEB_11_083;15108;0;1;1;1
11;HEB_11_088;15109;0;1;1;2
11;HEB_11_092;15110;0;1;1;2
11;HEB_11_093;15111;0;3;1;1
11;HEB_11_096;15112;0;1;1;5
11;HEB_11_097;15113;0;1;1;2
11;HEB_11_098;15114;0;1;1;2
11;HEB_11_102;15115;2;8;8;1
11;HEB_11_104;15116;2;7;8;1
11;HEB_11_105;15117;0;1;1;4
11;HEB_11_106;15118;0;2;1;3
11;HEB_11_107;15119;0;1;1;1
11;HEB_11_110;15120;0;6;7;1
11;HEB_11_115;15121;0;1;1;1
11;HEB_11_118;15122;3;9;9;1
11;HEB_11_119;15123;0;1;1;2
11;HEB_11_126;15124;0;1;1;3
11;HEB_11_131;15125;0;1;1;3
11;HEB_11_132;15126;0;1;1;2
11;HEB_11_134;15127;0;1;1;5
11;HEB_11_135;15128;0;1;1;4
11;HEB_11_136;15129;0;2;1;6
11;HEB_11_137;15130;0;1;1;2
11;HEB_11_140;15131;0;1;1;2
11;HEB_11_143;15132;2;9;9;1
11;HEB_11_144;15133;2;8;9;1
11;HEB_11_145;15134;2;9;9;1
11;HEB_11_146;15135;0;1;1;4
11;HEB_11_147;15136;3;9;9;1
11;HEB_11_151;15137;0;1;1;1
11;HEB_11_153;15138;0;1;1;6
11;HEB_11_154;15139;0;1;1;2
11;HEB_11_158;15140;0;1;1;4
11;HEB_11_164;15141;0;2;1;3
11;HEB_11_165;15142;0;1;1;2
11;HEB_11_167;15143;0;1;1;3
11;HEB_11_168;15144;1;1;1;1
11;HEB_11_169;15145;0;1;1;7
12;HEB_12_001;15146;1;1;1;1
12;HEB_12_003;15147;0;1;1;2
12;HEB_12_007;15148;0;1;1;4
12;HEB_12_013;15149;0;1;1;1
12;HEB_12_016;15150;2;8;9;1
12;HEB_12_019;15151;0;1;1;6
12;HEB_12_024;15152;0;1;1;3
12;HEB_12_028;15153;0;1;1;2
12;HEB_12_030;15154;0;2;1;1
12;HEB_12_031;15155;0;2;1;4
12;HEB_12_032;15156;0;1;1;1
12;HEB_12_036;15157;0;1;1;4
12;HEB_12_038;15158;0;1;1;1
12;HEB_12_039;15159;0;1;1;5
12;HEB_12_040;15160;0;1;1;2
12;HEB_12_042;15161;0;3;1;1
12;HEB_12_043;15162;0;1;1;1
12;HEB_12_046;15163;0;1;1;2
12;HEB_12_048;15164;0;1;1;3
12;HEB_12_050;15165;0;1;1;3
12;HEB_12_052;15166;0;1;1;1
12;HEB_12_054;15167;0;1;1;2
12;HEB_12_055;15168;0;1;1;1
12;HEB_12_058;15169;0;1;1;1
12;HEB_12_060;15170;0;1;1;3
12;HEB_12_065;15171;0;1;1;5
12;HEB_12_066;15172;0;1;1;4
12;HEB_12_068;15173;3;8;9;1
12;HEB_12_071;15174;0;1;1;1
12;HEB_12_072;15175;0;1;1;4
12;HEB_12_073;15176;0;2;1;4
12;HEB_12_074;15177;0;1;1;2
12;HEB_12_075;15178;0;1;1;2
12;HEB_12_077;15179;0;1;1;1
12;HEB_12_078;15180;0;1;1;1
12;HEB_12_079;15181;0;1;1;1
12;HEB_12_091;15182;0;4;5;1
12;HEB_12_093;15183;0;8;8;1
12;HEB_12_107;15184;0;1;1;1
12;HEB_12_108;15185;0;;7;1
12;HEB_12_111;15186;0;2;1;2
12;HEB_12_112;15187;2;7;8;1
12;HEB_12_114;15188;0;1;1;4
12;HEB_12_116;15189;2;8;8;1
12;HEB_12_119;15190;2;8;9;1
12;HEB_12_121;15191;0;1;1;1
12;HEB_12_127;15192;0;1;1;3
12;HEB_12_129;15193;0;1;1;4
12;HEB_12_130;15194;0;1;1;2
12;HEB_12_134;fehlt;;;;
12;HEB_12_137;15196;0;1;1;3
12;HEB_12_138;15197;0;1;1;2
12;HEB_12_139;15198;0;1;1;4
12;HEB_12_143;15199;0;1;1;2
12;HEB_12_146;15200;0;1;1;4
12;HEB_12_148;15201;0;1;1;3
12;HEB_12_153;15202;0;1;1;4
12;HEB_12_154;15203;0;1;1;3
12;HEB_12_155;15204;0;1;1;5
12;HEB_12_159;15205;0;1;1;1
13;HEB_13_008;15206;0;1;1;3
13;HEB_13_009;15207;0;1;1;2
13;HEB_13_012;15208;0;3;1;5
12;HEB_13_015;15209;0;1;1;1
13;HEB_13_018;15210;0;1;1;2
13;HEB_13_019;15211;0;2;1;3
13;HEB_13_031;15212;0;6;7;1
13;HEB_13_033;15213;0;1;1;5
13;HEB_13_034;15214;0;1;1;6
13;HEB_13_035;15215;0;1;1;5
13;HEB_13_036;15216;0;1;1;2
13;HEB_13_037;15217;0;1;1;3
13;HEB_13_038;15218;0;1;1;2
13;HEB_13_039;15219;0;1;1;6
13;HEB_13_040;15220;0;1;1;5
13;HEB_13_042;15221;0;1;1;3
13;HEB_13_045;15222;0;1;1;2
13;HEB_13_048;15223;0;1;1;3
13;HEB_13_050;15224;0;1;1;2
12;HEB_13_052;15225;0;2;1;1
12;HEB_13_053;15226;0;1;1;2
12;HEB_13_057;15227;0;1;1;2
12;HEB_13_060;15228;0;1;1;2
13;HEB_13_061;15229;0;2;1;2
13;HEB_13_062;15230;2;9;8;1
13;HEB_13_063;15231;0;1;1;1
13;HEB_13_064;15232;2;8;8;1
13;HEB_13_065;15233;0;1;1;2
13;HEB_13_066;15234;0;1;1;3
13;HEB_13_068;15235;0;1;1;1
13;HEB_13_069;15236;2;8;7;1
13;HEB_13_070;15237;0;7;7;1
13;HEB_13_072;15238;0;1;1;2
13;HEB_13_075;15239;0;1;1;3
13;HEB_13_081;15240;0;1;1;2
13;HEB_13_083;15241;0;1;1;2
13;HEB_13_088;15242;0;1;1;2
13;HEB_13_092;15243;0;1;1;2
13;HEB_13_093;15244;0;1;1;7
13;HEB_13_094;15245;0;1;1;2
13;HEB_13_095;15246;0;6;6;3
13;HEB_13_097;15247;2;8;9;1
13;HEB_13_099;15248;0;1;1;3
13;HEB_13_101;15249;0;2;1;2
13;HEB_13_102;15250;0;1;1;4
13;HEB_13_104;15251;0;1;1;3
13;HEB_13_105;15252;0;1;1;3
13;HEB_13_108;15253;0;1;1;4
13;HEB_13_111;15254;0;1;1;3
13;HEB_13_116;15255;0;1;1;4
13;HEB_13_124;15256;0;1;1;2
13;HEB_13_126;15257;0;1;1;3
13;HEB_13_129;15258;0;1;1;4
13;HEB_13_130;15259;0;1;1;5
13;HEB_13_136;15260;0;1;1;3
13;HEB_13_137;15261;0;2;1;4
13;HEB_13_140;15262;2;9;9;1
13;HEB_13_142;15263;0;7;8;1
13;HEB_13_145;15264;2;7;9;1
13;HEB_13_149;15265;0;9;8;1
14;HEB_14_005;15266;2;9;9;1
14;HEB_14_011;15267;0;1;1;1
14;HEB_14_014;15268;0;1;1;2
14;HEB_14_022;15269;0;1;1;1
14;HEB_14_023;15270;0;1;1;2
14;HEB_14_024;15271;0;8;7;1
14;HEB_14_030;15272;0;1;1;1
14;HEB_14_032;15273;0;1;1;4
14;HEB_14_034;15274;0;1;1;3
14;HEB_14_036;15275;0;1;1;3
14;HEB_14_038;15276;0;1;1;2
14;HEB_14_039;15277;0;1;1;3
14;HEB_14_042;15278;0;1;1;1
14;HEB_14_044;15279;0;1;1;2
14;HEB_14_045;15280;0;1;1;1
14;HEB_14_046;15281;0;1;1;1
14;HEB_14_048;15282;0;1;1;3
14;HEB_14_053;15283;0;1;1;1
14;HEB_14_054;15284;0;1;1;5
14;HEB_14_055;15285;0;1;1;3
14;HEB_14_056;15286;0;1;1;2
14;HEB_14_057;15287;0;2;1;1
14;HEB_14_058;15288;0;1;1;4
14;HEB_14_059;15289;0;1;1;1
14;HEB_14_060;15290;0;2;1;4
14;HEB_14_063;15291;0;1;1;3
14;HEB_14_065;15292;0;1;1;5
14;HEB_14_066;15293;0;1;1;1
14;HEB_14_069;15294;0;1;1;5
14;HEB_14_071;15295;2;1;1;5
14;HEB_14_076;15296;0;1;1;3
14;HEB_14_077;15297;0;1;1;3
14;HEB_14_078;15298;0;1;1;1
14;HEB_14_079;15299;0;8;8;1
14;HEB_14_080;15300;0;1;1;3
14;HEB_14_083;15301;0;1;1;2
14;HEB_14_085;15302;0;1;1;1
14;HEB_14_086;15303;0;1;1;1
14;HEB_14_089;15304;0;1;1;3
14;HEB_14_091;15305;0;1;1;2
14;HEB_14_097;15306;0;1;1;4
14;HEB_14_106;15307;0;1;1;1
14;HEB_14_107;15308;0;1;1;2
14;HEB_14_113;15309;0;1;1;1
14;HEB_14_116;15310;0;1;1;1
14;HEB_14_118;15311;0;1;1;1
14;HEB_14_120;15312;0;1;1;4
14;HEB_14_121;15313;0;1;1;4
14;HEB_14_122;15314;0;1;1;1
14;HEB_14_125;15315;0;1;1;1
14;HEB_14_128;15316;0;1;1;2
14;HEB_14_131;15317;0;1;1;2
14;HEB_14_136;15318;0;1;2;2
14;HEB_14_138;15319;0;1;1;4
14;HEB_14_139;15320;0;1;1;2
14;HEB_14_143;15321;0;1;1;6
14;HEB_14_145;15322;2;9;9;1
14;HEB_14_146;15323;0;1;1;2
14;HEB_14_147;15324;0;1;1;2
14;HEB_14_148;15325;0;1;1;2
15;HEB_15_004;15326;0;1;1;1
15;HEB_15_009;15327;0;1;1;3
15;HEB_15_014;15328;1;1;1;2
15;HEB_15_019;15329;0;1;1;4
15;HEB_15_020;15330;0;2;1;1
15;HEB_15_021;15331;0;1;1;2
15;HEB_15_023;15332;0;2;1;2
15;HEB_15_031;15333;0;1;1;5
15;HEB_15_036;15334;0;2;1;1
15;HEB_15_040;15335;0;1;1;1
15;HEB_15_041;15336;0;1;1;2
15;HEB_15_043;15337;0;5;6;1
15;HEB_15_044;15338;2;8;9;1
15;HEB_15_045;15339;0;7;9;1
15;HEB_15_048;15340;0;2;1;5
15;HEB_15_051;15341;0;1;1;6
15;HEB_15_052;15342;0;1;1;2
15;HEB_15_053;15343;0;1;1;3
15;HEB_15_055;15344;0;1;1;3
15;HEB_15_056;15345;0;1;1;3
15;HEB_15_057;15346;0;6;8;1
15;HEB_15_061;15347;2;8;9;1
15;HEB_15_063;15348;1;7;9;1
15;HEB_15_064;15349;0;1;1;4
15;HEB_15_065;15350;0;1;1;2
15;HEB_15_068;15351;1;9;9;1
15;HEB_15_069;15352;0;1;1;5
15;HEB_15_076;15353;0;1;1;3
15;HEB_15_082;15354;0;1;1;3
15;HEB_15_085;15355;0;1;1;4
15;HEB_15_086;15356;0;1;1;3
15;HEB_15_091;15357;0;1;1;2
15;HEB_15_094;15358;0;1;4;1
15;HEB_15_097;15359;0;1;1;1
15;HEB_15_098;15360;0;1;1;3
15;HEB_15_104;15361;0;1;1;1
15;HEB_15_106;15362;0;1;1;2
16;HEB_15_107;15363;0;1;1;4
15;HEB_15_109;15364;0;1;1;1
15;HEB_15_110;15365;0;1;1;2
15;HEB_15_113;15366;2;8;9;1
15;HEB_15_117;15367;3;8;9;1
15;HEB_15_118;15368;2;8;9;1
15;HEB_15_120;15369;0;1;1;3
15;HEB_15_122;15370;0;1;1;2
15;HEB_15_123;15371;0;1;1;2
15;HEB_15_124;15372;0;1;1;2
15;HEB_15_125;15373;2;1;1;1
15;HEB_15_127;15374;0;2;1;1
15;HEB_15_128;15375;0;1;1;3
15;HEB_15_132;15376;0;1;1;1
15;HEB_15_134;15377;0;1;1;1
15;HEB_15_137;15378;0;1;1;1
15;HEB_15_138;15379;0;1;1;4
15;HEB_15_139;15380;0;1;1;1
15;HEB_15_140;15381;0;1;1;3
15;HEB_15_142;15382;0;1;1;4
15;HEB_15_143;15383;0;1;1;3
15;HEB_15_145;15384;0;1;1;4
15;HEB_15_334;15385;0;2;1;4
16;HEB_16_003;15386;0;1;1;4
16;HEB_16_007;15387;0;1;1;3
16;HEB_16_009;15388;0;1;1;1
16;HEB_16_011;15389;0;1;1;2
16;HEB_16_012;15390;2;8;8;1
16;HEB_16_014;15391;0;1;1;1
16;HEB_16_016;15392;2;8;9;1
16;HEB_16_020;15393;0;9;9;1
16;HEB_16_021;15394;0;1;1;2
16;HEB_16_022;15395;0;1;1;5
16;HEB_16_023;15396;0;1;1;3
16;HEB_16_031;15397;0;1;1;3
16;HEB_16_032;15398;0;1;1;2
16;HEB_16_036;15399;0;1;1;2
16;HEB_16_043;15400;0;1;1;3
16;HEB_16_045;15401;0;1;1;3
16;HEB_16_049;15402;0;1;1;1
16;HEB_16_051;15403;0;1;1;3
16;HEB_16_052;15404;0;1;1;2
16;HEB_16_054;15405;0;1;1;3
16;HEB_16_059;15406;0;1;1;3
16;HEB_16_061;15407;0;1;1;2
16;HEB_16_063;15408;0;1;1;3
16;HEB_16_064;15409;2;9;9;1
16;HEB_16_066;15410;0;7;9;1
16;HEB_16_070;15411;0;8;9;1
16;HEB_16_075;15412;0;1;1;1
16;HEB_16_076;15413;0;1;1;1
16;HEB_16_079;15414;0;1;1;2
16;HEB_16_080;15415;0;1;1;4
16;HEB_16_081;15416;0;1;1;7
16;HEB_16_086;15417;0;1;1;6
16;HEB_16_092;15418;0;7;9;1
16;HEB_16_095;15419;2;7;6;3
16;HEB_16_096;15420;0;1;1;4
16;HEB_16_099;15421;0;3;3;5
16;HEB_16_100;15422;0;1;1;3
16;HEB_16_103;15423;0;2;1;1
16;HEB_16_105;15424;0;1;1;1
16;HEB_16_110;15425;0;1;1;4
16;HEB_16_113;15426;2;9;9;1
16;HEB_16_114;15427;0;9;8;1
16;HEB_16_115;15428;0;1;1;4
16;HEB_16_117;15429;2;7;9;1
16;HEB_16_121;15430;0;1;1;3
16;HEB_16_122;15431;0;1;1;5
16;HEB_16_123;15432;0;1;1;1
16;HEB_16_127;15433;0;1;1;3
16;HEB_16_129;15434;2;6;7;1
16;HEB_16_132;15435;0;1;1;4
16;HEB_16_140;15436;0;1;1;2
16;HEB_16_143;15437;0;1;1;2
16;HEB_16_144;15438;0;1;1;2
16;HEB_16_145;15439;0;1;1;3
16;HEB_16_146;15440;0;1;1;2
16;HEB_16_147;15441;0;1;1;3
16;HEB_16_148;15442;0;1;1;2
16;HEB_16_149;15443;0;1;1;2
16;HEB_16_157;15444;0;1;1;6
16;HEB_16_159;15445;0;7;8;1
17;HEB_17_003;15446;0;1;1;3
17;HEB_17_004;15447;0;1;1;6
17;HEB_17_005;15448;0;1;1;3
17;HEB_17_007;15449;1;2;1;4
17;HEB_17_010;15450;0;1;1;2
17;HEB_17_012;15451;0;1;1;4
17;HEB_17_014;15452;0;1;1;2
17;HEB_17_015;15453;0;1;1;3
17;HEB_17_016;15454;0;1;1;4
17;HEB_17_018;15455;0;1;1;5
17;HEB_17_019;15456;0;1;1;2
17;HEB_17_020;15457;0;1;1;1
17;HEB_17_022;15458;0;1;1;5
17;HEB_17_027;15459;0;1;1;6
17;HEB_17_036;15460;1;9;9;1
17;HEB_17_040;15461;0;9;9;1
17;HEB_17_041;15462;0;1;1;2
17;HEB_17_051;15463;0;1;1;8
17;HEB_17_052;15464;0;1;1;6
17;HEB_17_053;15465;0;2;1;4
17;HEB_17_054;15466;0;1;1;4
17;HEB_17_056;15467;0;1;1;6
16;HEB_17_057;15468;0;9;8;1
17;HEB_17_059;15469;0;1;1;3
17;HEB_17_062;15470;0;1;1;3
17;HEB_17_063;15471;1;9;9;1
17;HEB_17_064;15472;2;9;9;1
17;HEB_17_067;15473;0;1;1;3
17;HEB_17_070;15474;0;6;5;1
17;HEB_17_071;15475;0;1;1;2
17;HEB_17_074;15476;0;2;1;5
17;HEB_17_076;15477;0;1;1;4
17;HEB_17_078;15478;0;9;9;1
17;HEB_17_080;15479;0;1;1;2
3;HEB_17_082;15480;0;1;1;1
3;HEB_17_083;15481;0;6;8;1
3;HEB_17_085;15482;0;1;1;1
3;HEB_17_086;15483;0;1;1;2
3;HEB_17_087;15484;0;1;1;1
3;HEB_17_089;15485;0;1;1;2
17;HEB_17_104;15486;0;1;1;3
17;HEB_17_105;15487;0;1;1;4
17;HEB_17_108;15488;0;1;1;4
17;HEB_17_111;15489;2;9;9;1
17;HEB_17_113;15490;0;1;1;2
17;HEB_17_114;15491;0;2;1;3
17;HEB_17_120;15492;0;1;1;3
17;HEB_17_131;15493;0;1;1;2
17;HEB_17_134;15494;0;1;1;5
17;HEB_17_135;15495;0;1;1;4
17;HEB_17_137;15496;0;1;1;3
17;HEB_17_138;15497;0;2;1;2
17;HEB_17_140;15498;0;1;1;5
17;HEB_17_141;15499;0;1;1;4
17;HEB_17_144;15500;0;1;1;1
17;HEB_17_153;15501;0;1;1;1
17;HEB_17_160;15502;0;1;1;3
17;HEB_17_171;15503;0;1;1;3
17;HEB_17_174;15504;0;1;1;4
17;HEB_17_179;15505;2;8;8;1
3;HEB_18_041;15506;0;4;6;1
18;HEB_18_043;15507;0;1;1;1
18;HEB_18_046;15508;0;1;1;1
18;HEB_18_048;15509;0;1;1;2
18;HEB_18_049;15510;0;1;1;4
18;HEB_18_050;15511;0;1;1;3
18;HEB_18_062;15512;0;1;2;1
18;HEB_18_063;15513;0;1;1;1
18;HEB_18_064;15514;0;1;1;1
18;HEB_18_067;15515;0;1;1;3
18;HEB_18_074;15516;2;7;8;1
18;HEB_18_083;15517;2;7;9;1
18;HEB_18_085;15518;0;8;9;1
18;HEB_18_087;15519;0;1;1;3
18;HEB_18_089;15520;0;1;1;3
18;HEB_18_192;15521;0;2;1;2
18;HEB_18_203;15522;0;2;1;3
18;HEB_18_207;15523;0;1;1;1
18;HEB_18_208;15524;0;1;1;1
18;HEB_18_210;15525;0;1;1;1
18;HEB_18_211;15526;0;1;1;4
18;HEB_18_225;15527;0;1;1;3
18;HEB_18_228;15528;0;1;1;3
19;HEB_19_001;15529;0;1;1;5
19;HEB_19_002;15530;0;8;9;1
19;HEB_19_005;15531;0;7;7;1
19;HEB_19_007;15532;0;7;9;1
19;HEB_19_008;15533;0;7;8;1
19;HEB_19_009;15534;0;1;1;3
19;HEB_19_011;15535;2;6;7;1
19;HEB_19_014;15536;0;7;7;1
19;HEB_19_016;15537;2;8;9;1
19;HEB_19_021;15538;0;1;1;3
19;HEB_19_023;15539;0;1;1;4
19;HEB_19_027;15540;0;1;1;2
19;HEB_19_028;15541;0;1;1;2
19;HEB_19_031;15542;0;1;1;3
19;HEB_19_039;15543;0;1;1;2
19;HEB_19_040;15544;0;1;1;2
19;HEB_19_049;15545;0;1;1;4
19;HEB_19_050;15546;0;1;1;2
19;HEB_19_051;15547;0;1;1;4
19;HEB_19_052;15548;0;1;1;5
19;HEB_19_054;15549;0;1;1;5
19;HEB_19_056;15550;0;1;1;2
19;HEB_19_058;15551;0;1;9;1
19;HEB_19_059;15552;0;1;1;2
19;HEB_19_060;15553;0;1;1;4
19;HEB_19_072;15554;0;1;1;3
19;HEB_19_074;15555;0;1;1;2
19;HEB_19_076;15556;0;1;1;5
19;HEB_19_091;15557;0;1;1;3
19;HEB_19_093;15558;0;1;1;2
19;HEB_19_095;15559;0;1;1;2
19;HEB_19_097;15560;0;1;1;4
19;HEB_19_099;15561;0;1;1;3
19;HEB_19_110;15562;3;9;9;1
19;HEB_19_111;15563;0;1;1;4
19;HEB_19_112;15564;3;8;9;1
19;HEB_19_113;15565;0;1;1;1
19;HEB_19_114;15566;0;1;1;4
19;HEB_19_115;15567;2;8;8;1
19;HEB_19_117;15568;0;1;1;6
19;HEB_19_122;15569;1;4;1;5
19;HEB_19_123;15570;0;2;1;2
19;HEB_19_133;15571;0;1;1;2
19;HEB_19_143;15572;0;1;1;1
19;HEB_19_152;15573;2;7;9;1
19;HEB_19_153;15574;2;9;9;1
19;HEB_19_155;15575;0;1;1;3
19;HEB_19_156;15576;0;1;1;2
19;HEB_19_159;15577;0;1;1;4
19;HEB_19_161;15578;0;1;1;2
19;HEB_19_162;15579;0;1;1;2
19;HEB_19_165;15580;0;1;1;1
19;HEB_19_166;15581;0;1;1;4
19;HEB_19_170;15582;0;1;1;2
19;HEB_19_172;15583;0;1;1;2
19;HEB_19_173;15584;0;7;9;1
19;HEB_19_175;15585;0;1;1;4
19;HEB_19_181;15586;0;1;1;5
19;HEB_19_187;15587;0;1;1;2
20;HEB_20_001;15588;0;1;1;4
20;HEB_20_003;15589;2;9;9;1
20;HEB_20_004;15590;0;1;1;1
20;HEB_20_005;15591;2;8;9;1
20;HEB_20_008;15592;0;1;1;4
20;HEB_20_012;15593;0;1;1;
20;HEB_20_013;15594;0;1;1;1
20;HEB_20_016;15595;0;1;1;6
20;HEB_20_017;15596;0;1;1;2
20;HEB_20_021;15597;0;1;1;4
20;HEB_20_023;15598;0;1;1;4
20;HEB_20_024;15599;0;1;1;3
20;HEB_20_030;15600;0;1;1;3
20;HEB_20_045;15601;0;1;1;2
20;HEB_20_052;15602;0;1;1;2
20;HEB_20_053;15603;0;1;1;1
20;HEB_20_054;15604;0;1;1;4
20;HEB_20_057;15605;0;1;1;3
20;HEB_20_058;15606;0;1;1;1
20;HEB_20_059;15607;0;2;1;1
20;HEB_20_060;15608;0;1;1;3
20;HEB_20_061;15609;0;1;1;2
20;HEB_20_062;15610;0;1;1;3
20;HEB_20_064;15611;0;1;1;2
20;HEB_20_065;15612;0;2;1;5
20;HEB_20_071;15613;0;4;1;7
20;HEB_20_072;15614;2;9;9;1
20;HEB_20_073;15615;0;1;1;3
20;HEB_20_075;15616;0;1;1;7
20;HEB_20_076;15617;0;1;1;4
20;HEB_20_078;15618;0;9;8;1
20;HEB_20_080;15619;0;1;1;7
20;HEB_20_081;15620;0;1;1;5
20;HEB_20_082;fehlt;;;;
20;HEB_20_084;15622;0;1;1;4
20;HEB_20_085;15623;0;5;7;1
20;HEB_20_087;15624;0;1;1;2
20;HEB_20_089;15625;0;1;1;3
20;HEB_20_090;15626;0;1;1;2
20;HEB_20_095;15627;0;9;9;1
20;HEB_20_098;15628;0;1;1;1
20;HEB_20_105;15629;0;2;1;2
20;HEB_20_110;15630;0;1;1;4
20;HEB_20_113;15631;0;1;1;2
20;HEB_20_114;15632;0;1;1;2
20;HEB_20_116;15633;0;1;1;2
20;HEB_20_120;15634;0;1;1;3
20;HEB_20_124;15635;0;1;1;3
20;HEB_20_125;15636;0;1;1;5
20;HEB_20_126;15637;0;1;1;4
20;HEB_20_128;15638;0;1;1;3
20;HEB_20_129;15639;0;1;1;1
20;HEB_20_132;15640;0;1;1;1
20;HEB_20_139;15641;0;7;8;1
20;HEB_20_151;15642;2;8;9;1
20;HEB_20_154;15643;0;8;9;1
20;HEB_20_156;15644;0;1;1;5
20;HEB_20_157;15645;0;1;1;4
20;HEB_20_159;15646;0;1;1;3
21;HEB_21_001;15647;0;1;1;1
21;HEB_21_002;15648;0;1;1;1
21;HEB_21_004;15649;0;2;1;1
21;HEB_21_005;15650;0;1;1;2
21;HEB_21_009;15651;0;1;1;5
21;HEB_21_011;15652;0;1;1;5
21;HEB_21_013;15653;0;1;1;1
21;HEB_21_015;15654;0;1;1;3
21;HEB_21_018;15655;2;9;9;1
21;HEB_21_019;15656;0;1;1;3
21;HEB_21_021;15657;0;1;1;3
21;HEB_21_026;15658;1;1;1;1
21;HEB_21_030;15659;0;1;1;2
21;HEB_21_033;15660;0;1;1;2
21;HEB_21_039;15661;0;1;1;1
21;HEB_21_040;15662;0;1;1;4
21;HEB_21_045;15663;0;1;2;4
21;HEB_21_051;15664;0;1;1;3
21;HEB_21_061;15665;0;1;1;2
21;HEB_21_064;15666;0;1;1;3
21;HEB_21_065;15667;0;1;1;3
21;HEB_21_067;15668;0;1;1;4
21;HEB_21_068;15669;0;2;1;4
21;HEB_21_069;15670;0;1;1;3
21;HEB_21_071;15671;0;1;1;3
21;HEB_21_091;15672;0;1;1;1
21;HEB_21_094;15673;2;8;8;1
21;HEB_21_096;15674;0;1;1;2
21;HEB_21_097;15675;0;8;9;1
21;HEB_21_099;15676;0;7;8;2
21;HEB_21_115;15677;0;1;1;4
21;HEB_21_116;15678;0;6;6;1
21;HEB_21_120;15679;2;8;9;1
21;HEB_21_134;15680;0;1;1;1
21;HEB_21_139;15681;0;8;9;1
21;HEB_21_140;15682;0;1;1;2
21;HEB_21_141;15683;2;9;9;1
21;HEB_21_149;15684;0;1;1;2
21;HEB_21_152;15685;2;8;9;1
21;HEB_21_155;15686;2;8;9;1
21;HEB_21_156;15687;0;8;8;1
21;HEB_21_157;15688;0;6;7;1
21;HEB_21_160;15689;0;8;8;1
21;HEB_21_164;15690;0;1;1;3
21;HEB_21_167;15691;0;1;1;2
21;HEB_21_172;15692;0;1;1;1
21;HEB_21_175;15693;0;1;1;2
21;HEB_21_183;15694;0;1;1;1
21;HEB_21_184;15695;0;1;1;4
21;HEB_21_190;15696;0;1;1;3
22;HEB_22_003;15697;0;1;1;3
22;HEB_22_004;15698;0;1;1;6
22;HEB_22_008;15699;0;1;1;1
22;HEB_22_010;15700;0;1;1;1
22;HEB_22_014;15701;0;1;1;4
22;HEB_22_018;15702;3;8;9;1
22;HEB_22_021;15703;0;1;1;4
22;HEB_22_022;15704;0;1;1;5
22;HEB_22_023;15705;0;1;1;5
22;HEB_22_024;15706;0;1;1;3
22;HEB_22_026;15707;0;1;1;3
22;HEB_22_031;15708;2;7;7;1
22;HEB_22_035;15709;0;9;9;1
22;HEB_22_036;15710;0;7;7;1
22;HEB_22_037;15711;0;1;1;1
22;HEB_22_039;15712;0;1;1;1
22;HEB_22_040;15713;0;2;1;3
22;HEB_22_049;15714;0;1;1;2
22;HEB_22_052;15715;0;1;1;5
22;HEB_22_053;15716;0;1;1;2
22;HEB_22_054;15717;0;1;1;2
22;HEB_22_055;15718;0;1;1;4
22;HEB_22_058;15719;0;1;1;1
22;HEB_22_060;15720;0;1;1;2
22;HEB_22_065;15721;0;1;1;4
22;HEB_22_083;15722;0;1;1;8
22;HEB_22_084;15723;2;9;9;1
22;HEB_22_087;15724;1;7;8;1
22;HEB_22_090;15725;2;7;8;1
22;HEB_22_101;15726;1;1;1;3
22;HEB_22_103;15727;0;8;9;3
22;HEB_22_105;15728;2;8;9;1
22;HEB_22_106;15729;2;9;1;1
22;HEB_22_108;15730;3;8;9;1
22;HEB_22_109;15731;2;8;9;1
22;HEB_22_114;15732;0;1;1;1
22;HEB_22_118;15733;0;1;1;2
22;HEB_22_122;15734;0;1;1;6
22;HEB_22_123;15735;0;1;1;2
22;HEB_22_125;15736;0;1;1;1
22;HEB_22_128;15737;0;1;1;1
22;HEB_22_135;15738;0;1;1;2
22;HEB_22_143;15739;0;1;1;1
24;HEB_23_004;15740;0;2;1;3
24;HEB_23_007;15741;0;1;1;2
23;HEB_23_012;15742;0;3;5;1
23;HEB_23_013;15743;0;4;7;1
23;HEB_23_017;15744;0;1;1;1
23;HEB_23_018;15745;2;7;9;1
23;HEB_23_020;15746;0;1;1;4
24;HEB_23_025;15747;0;1;1;3
24;HEB_23_029;15748;0;1;1;3
23;HEB_23_034;15749;0;1;1;1
23;HEB_23_036;15750;0;1;1;2
23;HEB_23_037;15751;0;1;1;1
23;HEB_23_038;15752;0;1;1;2
23;HEB_23_042;15753;0;7;9;1
23;HEB_23_043;15754;0;1;1;2
23;HEB_23_046;15755;0;1;1;1
23;HEB_23_047;15756;0;1;1;1
23;HEB_23_052;15757;0;2;1;5
23;HEB_23_054;15758;0;9;9;1
23;HEB_23_056;15759;0;1;1;2
23;HEB_23_057;15760;0;1;1;3
23;HEB_23_058;15761;0;1;1;1
23;HEB_23_059;15762;0;1;1;1
23;HEB_23_060;15763;1;7;9;1
23;HEB_23_061;15764;1;4;6;1
23;HEB_23_062;15765;0;1;1;1
23;HEB_23_063;15766;0;1;1;3
23;HEB_23_064;15767;0;7;8;1
23;HEB_23_065;15768;2;8;8;1
23;HEB_23_068;15769;3;8;9;1
23;HEB_23_069;15770;0;1;1;1
23;HEB_23_071;15771;0;1;1;2
23;HEB_23_073;15772;2;7;8;1
23;HEB_23_074;15773;2;8;9;1
23;HEB_23_075;15774;0;1;1;2
23;HEB_23_077;15775;0;1;1;1
23;HEB_23_078;15776;0;8;7;1
23;HEB_23_080;15777;0;1;1;2
23;HEB_23_082;15778;0;1;1;2
23;HEB_23_083;15779;0;1;1;2
23;HEB_23_084;15780;0;1;1;1
23;HEB_23_086;15781;0;2;1;3
24;HEB_23_100;15782;2;8;9;1
23;HEB_23_103;15783;2;6;8;1
23;HEB_23_105;15784;0;8;9;1
23;HEB_23_108;15785;0;1;1;2
23;HEB_23_109;15786;0;1;1;4
24;HEB_23_115;15787;0;9;8;1
24;HEB_23_116;15788;0;1;1;2
24;HEB_23_121;15789;0;1;1;2
24;HEB_23_122;15790;0;1;1;4
24;HEB_23_125;15791;0;1;1;6
24;HEB_23_126;15792;0;1;1;4
24;HEB_23_128;15793;0;1;1;3
24;HEB_23_129;15794;0;1;1;4
24;HEB_23_132;15795;0;1;1;4
24;HEB_23_134;15796;0;1;1;3
24;HEB_23_137;15797;0;1;1;6
24;HEB_23_146;15798;0;1;1;2
24;HEB_23_157;15799;0;1;1;3
24;HEB_23_159;15800;0;1;1;5
24;HEB_24_004;15801;0;1;1;5
24;HEB_24_006;15802;0;2;1;5
24;HEB_24_011;15803;0;1;1;1
24;HEB_24_012;15804;0;1;1;5
24;HEB_24_013;15805;0;1;1;3
24;HEB_24_015;15806;0;1;1;3
24;HEB_24_016;15807;0;1;1;5
24;HEB_24_018;15808;0;1;1;2
24;HEB_24_024;15809;0;1;1;4
24;HEB_24_025;15810;0;5;5;1
24;HEB_24_044;15811;0;1;1;6
24;HEB_24_048;15812;0;1;1;4
24;HEB_24_050;15813;0;2;1;4
23;HEB_24_053;15814;0;1;1;1
23;HEB_24_054;15815;2;8;8;1
24;HEB_24_061;15816;0;1;1;4
24;HEB_24_062;15817;0;1;1;1
24;HEB_24_063;15818;2;9;9;1
24;HEB_24_064;15819;0;1;1;1
24;HEB_24_066;15820;0;1;1;4
24;HEB_24_067;15821;2;8;9;1
24;HEB_24_068;15822;0;1;1;2
24;HEB_24_070;15823;0;1;1;6
23;HEB_24_071;15824;0;1;1;1
23;HEB_24_072;15825;0;4;5;1
23;HEB_24_087;15826;1;6;6;4
24;HEB_24_092;15827;2;8;9;1
24;HEB_24_094;15828;0;1;1;2
24;HEB_24_097;15829;0;1;1;2
24;HEB_24_098;15830;0;1;1;1
24;HEB_24_099;15831;0;6;8;1
24;HEB_24_100;15832;2;8;8;1
23;HEB_24_106;15833;0;1;1;2
23;HEB_24_110;15834;0;1;1;2
24;HEB_24_111;15835;0;7;9;1
24;HEB_24_113;15836;2;8;9;1
24;HEB_24_114;15837;0;1;1;2
24;HEB_24_116;15838;0;1;1;1
24;HEB_24_132;15839;0;1;1;5
24;HEB_24_133;15840;0;1;1;2
24;HEB_24_134;15841;0;1;1;4
24;HEB_24_135;15842;0;1;1;2
24;HEB_24_136;15843;0;1;1;2
24;HEB_24_137;15844;0;1;1;4
24;HEB_24_138;15845;0;1;1;1
23;HEB_24_163;15846;0;1;1;4
23;HEB_24_181;15847;0;2;1;1
23;HEB_24_182;15848;0;1;1;1
23;HEB_24_184;15849;0;1;1;4
23;HEB_24_187;15850;0;1;1;3
23;HEB_24_188;15851;0;1;1;4
24;HEB_24_198;15852;0;1;1;5
23;HEB_24_201;15853;0;1;1;2
23;HEB_24_202;15854;0;1;1;2
23;HEB_24_203;15855;0;1;1;1
23;HEB_24_204;15856;0;1;1;2
23;HEB_24_205;15857;0;1;1;2
23;HEB_24_206;15858;0;1;1;1
23;HEB_24_207;15859;0;1;1;2
23;HEB_24_208;15860;0;1;1;1
25;HEB_25_001;15861;0;1;1;4
25;HEB_25_002;15862;0;1;1;2
25;HEB_25_003;15863;0;2;1;5
25;HEB_25_004;15864;0;1;1;1
25;HEB_25_005;15865;0;1;1;1
25;HEB_25_007;15866;0;1;1;4
25;HEB_25_008;15867;0;2;1;2
25;HEB_25_009;15868;0;1;1;1
25;HEB_25_011;15869;0;1;1;2
25;HEB_25_014;15870;0;1;1;4
25;HEB_25_016;15871;0;3;1;7
25;HEB_25_017;15872;0;1;1;2
25;HEB_25_019;15873;0;1;2;6
25;HEB_25_020;15874;0;1;1;2
25;HEB_25_022;15875;0;1;1;3
25;HEB_25_023;15876;0;1;1;1
25;HEB_25_024;15877;0;1;1;1
25;HEB_25_025;15878;0;1;1;4
25;HEB_25_026;15879;0;1;1;5
25;HEB_25_027;15880;0;1;1;2
25;HEB_25_028;15881;0;1;1;2
25;HEB_25_029;15882;0;1;1;3
25;HEB_25_031;15883;0;1;1;3
25;HEB_25_035;15884;2;8;9;1
25;HEB_25_038;15885;0;5;8;1
25;HEB_25_040;15886;2;8;8;1
25;HEB_25_041;15887;0;2;2;3
25;HEB_25_042;15888;0;1;1;3
25;HEB_25_043;15889;0;1;1;2
25;HEB_25_044;15890;1;1;1;2
25;HEB_25_045;15891;0;1;1;1
25;HEB_25_046;15892;0;1;1;1
25;HEB_25_048;15893;0;1;1;1
25;HEB_25_049;15894;0;1;1;3
25;HEB_25_050;15895;0;1;1;2
25;HEB_25_051;15896;0;1;1;2
25;HEB_25_056;15897;0;1;1;2
25;HEB_25_061;15898;0;1;1;3
25;HEB_25_062;15899;1;7;8;1
25;HEB_25_071;15900;0;1;1;4
25;HEB_25_072;15901;0;1;1;4
25;HEB_25_076;15902;0;1;1;1
25;HEB_25_077;15903;0;1;1;3
25;HEB_25_079;15904;0;1;1;1
25;HEB_25_086;15905;0;1;1;1
25;HEB_25_094;15906;0;1;1;1
25;HEB_25_102;15907;0;1;1;2
25;HEB_25_103;15908;0;1;1;2
25;HEB_25_108;15909;0;1;1;1
25;HEB_25_121;15910;0;1;1;2
25;HEB_25_123;15911;0;1;1;1
25;HEB_25_124;15912;0;1;1;1
25;HEB_25_125;15913;0;1;1;1
25;HEB_25_127;15914;0;1;1;3
25;HEB_25_129;15915;0;1;1;3
25;HEB_25_142;15916;2;9;9;1
25;HEB_25_143;15917;0;7;8;1
25;HEB_25_152;15918;0;2;1;2
25;HEB_25_156;15919;0;1;1;2
25;HEB_25_157;15920;0;1;1;4
